{"cameraMode":{"drawMode":0,"name":"Shaded","section":"Shading Mode"},"sceneLighting":false,"audioPlay":false,"sceneViewState":{"showFog":true,"showMaterialUpdate":false,"showSkybox":false,"showFlares":true,"showImageEffects":true,"showParticleSystems":true,"showVisualEffectGraphs":true,"m_FxEnabled":true},"in2DMode":false,"pivot":{"x":-0.38999998569488528,"y":1.5799999237060547,"z":1.2878588369436127e-17},"rotation":{"x":-0.11783479154109955,"y":0.8813766837120056,"z":-0.3426743447780609,"w":-0.3030746281147003},"size":5.426380157470703,"orthographic":false}